Club Name,URL Checked,Fixed
"Barkham & District Classic Car Club","https://www.facebook.com/groups/1064557097495125/",""
"Beds & Herts Vintage & Classic Car Club","https://www.facebook.com/groups/1407875096141460/",""
"Austin Sheerline Princess Club","https://www.facebook.com/groups/919716152214139/",""
"The Dub Klub","https://www.facebook.com/groups/DubKlub/",""
"British Lambretta Archive","https://www.facebook.com/british.archive/",""
"Capri II Register","https://www.facebook.com/groups/www.capri2register.co.uk/",""
"Chester Vintage Enthusiasts Club","https://www.chestervintage.org.uk",""
"Club Triumph","https://www.clubtriumph.co.uk/",""
"Clay Mills Classic Car Club","https://www.facebook.com/groups/1667328586862889",""
"Congleton Beartown Classic and Vintage Car Club","https://www.facebook.com/groups/CongletonBeartownCCC/",""
"ClubCalibra.com","https://www.facebook.com/groups/1671626729596579",""
"Daimler Enthusiasts Club","https://www.daimlerclub.co.uk",""
"Dorset Japanese Car Club","https://www.facebook.com/groups/DorsetJapaneseCarClub/",""
"Exeter Classic Motorcycle Club Devon","https://www.exeterclassicmotorcycleclub.btck.co.uk",""
"Fiesta Club of Great Britain","https://www.fiestaclubgb.co.uk",""
"Ford Sierra Owners Club","https://www.fordsierraclub.co.uk",""
"Ford Mark III Zephyr and Zodiac Owners Club","https://www.website.lineone.net/~zzoc3",""
"Ford Granada Club UK","https://www.fordgranadaclubuk.freefo.de",""
"Ford MkIV Zephyr & Zodiac Owners Club","https://www.communigate.co.uk/london/mkivzzoc",""
"Granada and Scorpio Enthusiasts Club","https://www.granada-and-scorpio-online.com",""
"Fairthorpe Sports Car Club - The","https://www.fairthorpescc.com",""
"Granada Members Guild","https://www.granadamembersguild.co.uk",""
"Golden Valley Classic Motorcycle Club","https://www.goldenvalleyclassicmotorcycleclub.co.uk",""
"Haflinger 4 Wheel Drive Club of Great Britain","https://www.haflinger4wheeldriveclub.org",""
"Hart MC","https://www.hart-motor-club.co.uk",""
"Granthan Classic Car Club","https://www.granthamclassiccarclub.co.uk",""
"Holden UK Register","https://www.holdenuk.co.uk",""
"Historic Police Motorcycle Group","https://www.policebikes.org.uk",""
"Hindley Motorcycle Club","https://www.hindleymcc.com",""
"Jago Owners Club","https://www.jagoownersclub.co.uk",""
"Honda CX-GL Owners Club","https://www.honda-cx-gl-ownersclub.co.uk",""
"Highland Classic Motorcycle Club","https://www.highlandclassicmotorcycleclub.org.uk",""
"Hillman Owners Club","https://www.hillmanownersclub.co.uk",""
"Just Opel Vauxhall","https://www.facebook.com/groups/578331048986591/",""
"Kirkcaldy and District Motor Club","https://www.kdmc.co.uk",""
"Knighton Historic Vehicle Club","https://www.knightonhistoricvehicleclub.com",""
"JAWA CZ Owners Club","https://www.jawaczownersclub.co.uk",""
"Kilsby MG Club","https://www.kilsbymgclub.org.uk",""
"Kawasaki Triples Club","https://www.kawasakitriplesclub.co.uk",""
"L. E. Velo Club","https://www.leveloclub.org.uk",""
"Karmann Ghia Owners Club","https://www.kgoc-gb.org",""
"Lotus - Historic Lotus Register","https://www.historiclotusregister.co.uk",""
"MAICO OWNERS CLUB","https://www.maico.org.uk",""
"Lea Francis Owners Club","https://www.lfoc.co.uk",""
"Manx Classic Car Club (Isle of Man)","https://www.manxclassiccarclub.co.uk",""
"Lincolnshire Louth Motor Club Limited","https://www.lincslouthclassics.co.uk",""
"Marina & Ital Club Ecosse","https://www.morrismarinaecosse.com",""
"Metropolitan Owners Club","https://www.metropolitanownersclub.co.uk",""
"MG & Riley Farina Register","https://www.mgmagnette.com",""
"MG Octagon Car Club Ltd","https://www.mgoctagoncarclub.com",""
"Middlebridge Enthusiasts Scimitar Site","https://www.middlebridge-scimitar.co.uk",""
"MG J TYPE - The (HOME OF THE MG J MIDGET MG J1   -   MG J2   -   MG J3   -   MG J4)","https://www.mgjtype.com",""
"Lotus Owners Club","https://www.lotusownersclub.com",""
"MG M Group","https://www.mgcars.org.uk",""
"MGF Enthusiasts' Club","https://www.mgf.org.uk",""
"Mid-Warwickshire Capri Club","https://www.fordcapriclub.freeserve.co.uk/index1.htm",""
"MG Car Club","https://www.mgcc.com",""
"Mildhogs Scooter & Motorbike Club","https://www.mildhogs.co.uk",""
"Mini JEM Register","https://www.minijem.plus.com",""
"MG Owners' Club - Bristol Area","https://www.bamgoc.co.uk",""
"Mini Cooper Club","https://www.minicooperclub.org.uk",""
"MINI SE7EN RC","https://www.mini7.co.uk",""
"Midge Owners and Builders Club","https://www.mobc.co.uk",""
"MORRIS MINOR OWNERS CLUB LEEDS BRANCH","https://www.leedsmmoc.co.uk",""
"Mk2 Consul, Zephyr, Zodiac Owners Club","https://www.fordczzmkll.webs.com",""
"Milton Keynes Classic Car Club","https://www.mkccc.com",""
"Morris Commercial Club","https://www.morriscommercialclub.ournet.co.uk",""
"Mini Special Register","https://www.minispecialregister.com",""
"Moss Owners Club","https://www.mossownersclub.org.uk",""
"New Imperial Owners Association","https://www.newimperial.co.uk",""
"MR2 (Mk1) Club","https://www.mr2mk1club.com",""
"Mini Mayhem","https://www.minimayhem.org.uk",""
"Morris Minor Owners Club","https://www.morrisminoroc.co.uk",""
"New Davrian Register","https://www.john.rawlins.com/ndr1",""
"Moto Rumi Club","https://www.motorumiclub.co.uk",""
"North Essex Rag Tops","https://www.nert.org.uk",""
"Northern Ireland Minis","https://www.ni-minis.co.uk",""
"National Autocycle and Cyclemotor Club","https://www.thebuzzingclub.co.uk",""
"Nissan 300C Owners Club","https://www.300c.org.uk",""
"Panhard Et Levassor Club","https://www.panhardclub.co.uk",""
"North Lincs Classic Motorcycle Club","https://www.northlincsmcc.co.uk",""
"NSU Owners Club","https://www.nsuoc.co.uk",""
"Pontiac Drivers Club","https://www.pontiacs.50webs.com",""
"Period Motorcaravan Guild","https://www.brmmbrmm.com/periodmcg",""
"Police Vehicle Enthusiasts' Club","https://www.pvec.net",""
"Pram Hood Register","https://www.a7c.co.uk/phr.htm",""
"Rally Safety Seven & Early Reliant Owners Club","https://freespace.virgin.net/martin.strange/index.html",""
"Radford Mini De Ville Register","https://www.radfordmini.free-online.co.uk",""
"Quinton Motor Club Limited","https://www.qmc.org.uk",""
"Peugeot Sport Club UK","https://www.psooc.com",""
"Riley RM Club","https://.rileyrmclub.org.uk",""
"Reliant Kitten Register","https://www.kitreg.org.uk",""
"Rebel-V8","https://www.rebel-v8.co.uk",""
"Ramsgate Old Motor & Motor Cycle Club","https://www.rommcc.org.uk",""
"Rover SDI Club","https://www.roversd1club.net",""
"Ronart Jag Drivers Club","https://www.ronart.co.uk",""
"Scotia Wings","https://www.scotiawings.org.uk",""
"Scootacar Register","https://www.scootacar.org.uk",""
"Saab Enthusiasts Club","https://www.saabenthusiasts.co.uk",""
"Royale Monza Owners Club International - The","https://www.rmoci.org.uk",""
"Shropshire VMCC","https://www.shropshirevmcc.co.uk",""
"Sheffield Mini Club","https://www.sheffieldminiclub.co.uk",""
"Suzuki Cappuccino Owners Register for Enthusiasts","https://www.score.org.uk/home.php",""
"Surrey Capri Club","https://www.surreycapriclub.co.uk",""
"Tame Valley Vintage and Classic Car Club","https://www.tvvccc.co.uk",""
"Suzuki Owners Club","https://www.suzuki-club.co.uk",""
"The Kwaks Owners Club","https://www.thekwaksownersclub.co.uk",""
"The Lalique Mascot Collectors' Club","https://www.brmmbrmm.com/lalique",""
"The Mini Register","https://www.miniregister.co.uk",""
"The Classic Car Club","https://www.facebook.com/ClassicCarClubLondon/",""
"Thanet Classics","https://www.thanetclassics.co.uk",""
"Sussex British Motorcycle Owner's Club","https://www.sbmoc.vpweb.co.uk",""
"The Griffin Trust","https://www.griffintrust.org.uk",""
"The East Coast Pirates Car Club","https://www.eastcoastpirates.co.uk",""
"The Mk 1 Ford Granada Owners Club Incorporating the Mk2 Register","https://www.granadazone.com",""
"The Giulietta Register","https://www.giulietta.com",""
"The Sentinel Drivers Club","https://www.sentinelwaggons.co.uk",""
"Toyota Estima Owners Club UK Site. (T.E.O.C.)","https://www.teoc.ws",""
"Torcars Sun-Tor Register","https://www.brmmbrmm.com/torcars",""
"Three Counties Vintage & Classic Car Club","https://www.3cvccc.co.uk",""
"Transit Van Club","https://www.transitvanclub.co.uk",""
"Trident Car Club","https://www.tridentcarclub.website",""
"Triumph Stag Register","https://www.tristagreg.org",""
"Trident & Rocket 3 Owners Club","https://www.tr3oc.co.uk",""
"Triumph Razoredge Owners Club","https://www.trocltd.com",""
"Triumph Sports Car Club of South Africa (Cape Town)","https://www.capetriumph.za.org",""
"Triumph Sporting Owners Club","https://www.triumphsportingowners.com",""
"Tyne Valley Classic Motorcycle Club","https://www.tynevalleyclassicmotorcycleclub.co.uk",""
"Unusual Microcars","https://www.rumcars.org/c-cars.html",""
"Vauxhall FD Register - The","https://www.vauxhallfdregister.co.uk",""
"Vauxhall Victor Owners Club","https://www.vauxhallvictorclub.co.uk",""
"Uxbridge and District Classic Vehicle Society","https://www.udcvs.org.uk",""
"Unimog Club","https://www.hillnditch4x4.co.uk/html/unimog_club_40",""
"Vauxhall VX4/90 Drivers' Club","https://www.vx490driversclub.co.uk",""
"Triumph Tiger Cub Club","https://www.tigercubclub.co.uk",""
"Triumph TR Register Red Rose Group (NW UK)","https://www.redrosetrs.co.uk",""
"V8 Register - MG Car Club","https://www.v8register.net",""
"Vintage Citroen Register","https://www.vintman.btinternet.co.uk/vintage_citroen_register.htm",""
"UMM Owners Club","https://www.umm-world.com",""
"Vintage Motor Scooter Club","https://www.vmsc.co.uk",""
"Viva Outlaws Club - Keeping Viva's on the road.","https://www.vivaoutlaws.co.uk",""
"Waterlooville Motorcycle Club UK","https://www.willbrown.co.uk/wat/",""
"West Wicklow Classic and Vintage Vehicle Club","https://www.westwicklowclassics.com",""
"Woodie Car Club","https://www.woodiecarclub.com",""
"Vespa Club of Britain","https://www.vespaclubofbritain.co.uk",""
"Yamaha Owners Club","https://www.yamahaclub.com",""
"Yamaha FS1-E Owners Club","https://www.fs1e.co.uk",""
"West Berks Classic Vehicle Club","https://www.classicvehicles.org.uk",""
"Wolseley Register","https://www.wolseleyworld.com",""
"XR4 Register","https://www.xr4register.com/",""
"West Lancashire MG Owners Club","https://www.westlancsmg.co.uk",""
"Grampian Automobile Club","https://www.grampianautomobileclub.org.uk",""
"Solway Car Club","https://www.solwaycarclub.co.uk/",""
"Pre '67 Ford Owners Club","https://www.facebook.com/p/Pre-67-Ford-Owners-Club-100057380353413/",""
"Klasyczna Polonia Ltd","https://www.facebook.com/KlubKlasycznaPoloniaUK",""
"Austin A40 Cambridge & Somerset Club","https://www.a40somerset.co.uk",""
"Autoglym","https://www.the-cai.com",""
"The Automobile Club of North Wales","https://www.acnw.org.uk",""
"The Classic Car Club","https://www.theclassiccarclub.co.uk",""
"Rover SDI Club","https://www.roversd1club.net",""
"Club Peugeot UK","https://www.peugeotclub.org",""
"Classic Car Club London","https://www.facebook.com/ClassicCarClubLondon",""
"Range Rover Register","https://www.rangeroverregister.org",""
